<?xml version="1.0" encoding="UTF-8"?>
<project-private xmlns="http://www.netbeans.org/ns/project-private/1">
    <editor-bookmarks xmlns="http://www.netbeans.org/ns/editor-bookmarks/2" lastBookmarkId="0"/>
    <open-files xmlns="http://www.netbeans.org/ns/projectui-open-files/2">
        <group>
            <file>file:/C:/Users/WIFI%20SERVER/Documents/NetBeansProjects/CC006_BSIT1A_Verginiza/CC006_BSIT1A_Verginiza/src/cc006_bsit1a_verginiza/StackScannerImproved.java</file>
            <file>file:/C:/Users/WIFI%20SERVER/Documents/NetBeansProjects/CC006_BSIT1A_Verginiza/CC006_BSIT1A_Verginiza/src/cc006_bsit1a_verginiza/Stacks.java</file>
        </group>
    </open-files>
</project-private>
